--
-- PostgreSQL database dump
--

SET statement_timeout = 0;
SET lock_timeout = 0;
SET client_encoding = 'UTF8';
SET standard_conforming_strings = on;
SET check_function_bodies = false;
SET client_min_messages = warning;

--
-- Name: plpgsql; Type: EXTENSION; Schema: -; Owner: 
--

CREATE EXTENSION IF NOT EXISTS plpgsql WITH SCHEMA pg_catalog;


--
-- Name: EXTENSION plpgsql; Type: COMMENT; Schema: -; Owner: 
--

COMMENT ON EXTENSION plpgsql IS 'PL/pgSQL procedural language';


SET search_path = public, pg_catalog;

SET default_tablespace = '';

SET default_with_oids = false;

--
-- Name: agencias; Type: TABLE; Schema: public; Owner: cibel; Tablespace: 
--

CREATE TABLE agencias (
    id integer NOT NULL,
    nome character varying,
    created_at timestamp without time zone NOT NULL,
    updated_at timestamp without time zone NOT NULL
);


ALTER TABLE public.agencias OWNER TO cibel;

--
-- Name: agencias_id_seq; Type: SEQUENCE; Schema: public; Owner: cibel
--

CREATE SEQUENCE agencias_id_seq
    START WITH 1
    INCREMENT BY 1
    NO MINVALUE
    NO MAXVALUE
    CACHE 1;


ALTER TABLE public.agencias_id_seq OWNER TO cibel;

--
-- Name: agencias_id_seq; Type: SEQUENCE OWNED BY; Schema: public; Owner: cibel
--

ALTER SEQUENCE agencias_id_seq OWNED BY agencias.id;


--
-- Name: atendentes; Type: TABLE; Schema: public; Owner: cibel; Tablespace: 
--

CREATE TABLE atendentes (
    id integer NOT NULL,
    agencia_id integer,
    adm boolean,
    funcionario_id integer,
    created_at timestamp without time zone NOT NULL,
    updated_at timestamp without time zone NOT NULL
);


ALTER TABLE public.atendentes OWNER TO cibel;

--
-- Name: atendentes_id_seq; Type: SEQUENCE; Schema: public; Owner: cibel
--

CREATE SEQUENCE atendentes_id_seq
    START WITH 1
    INCREMENT BY 1
    NO MINVALUE
    NO MAXVALUE
    CACHE 1;


ALTER TABLE public.atendentes_id_seq OWNER TO cibel;

--
-- Name: atendentes_id_seq; Type: SEQUENCE OWNED BY; Schema: public; Owner: cibel
--

ALTER SEQUENCE atendentes_id_seq OWNED BY atendentes.id;


--
-- Name: cemiterios; Type: TABLE; Schema: public; Owner: cibel; Tablespace: 
--

CREATE TABLE cemiterios (
    id integer NOT NULL,
    nome character varying,
    velorio_id integer,
    created_at timestamp without time zone NOT NULL,
    updated_at timestamp without time zone NOT NULL,
    outro boolean
);


ALTER TABLE public.cemiterios OWNER TO cibel;

--
-- Name: cemiterios_id_seq; Type: SEQUENCE; Schema: public; Owner: cibel
--

CREATE SEQUENCE cemiterios_id_seq
    START WITH 1
    INCREMENT BY 1
    NO MINVALUE
    NO MAXVALUE
    CACHE 1;


ALTER TABLE public.cemiterios_id_seq OWNER TO cibel;

--
-- Name: cemiterios_id_seq; Type: SEQUENCE OWNED BY; Schema: public; Owner: cibel
--

ALTER SEQUENCE cemiterios_id_seq OWNED BY cemiterios.id;


--
-- Name: funcionarios; Type: TABLE; Schema: public; Owner: cibel; Tablespace: 
--

CREATE TABLE funcionarios (
    id integer NOT NULL,
    nome character varying,
    password_digest character varying,
    rf character varying,
    created_at timestamp without time zone NOT NULL,
    updated_at timestamp without time zone NOT NULL
);


ALTER TABLE public.funcionarios OWNER TO cibel;

--
-- Name: funcionarios_id_seq; Type: SEQUENCE; Schema: public; Owner: cibel
--

CREATE SEQUENCE funcionarios_id_seq
    START WITH 1
    INCREMENT BY 1
    NO MINVALUE
    NO MAXVALUE
    CACHE 1;


ALTER TABLE public.funcionarios_id_seq OWNER TO cibel;

--
-- Name: funcionarios_id_seq; Type: SEQUENCE OWNED BY; Schema: public; Owner: cibel
--

ALTER SEQUENCE funcionarios_id_seq OWNED BY funcionarios.id;


--
-- Name: justificativas; Type: TABLE; Schema: public; Owner: cibel; Tablespace: 
--

CREATE TABLE justificativas (
    id integer NOT NULL,
    atendente integer,
    horario timestamp without time zone,
    sala integer,
    reserva integer,
    created_at timestamp without time zone NOT NULL,
    updated_at timestamp without time zone NOT NULL,
    acao text,
    justificativa text
);


ALTER TABLE public.justificativas OWNER TO cibel;

--
-- Name: justificativas_id_seq; Type: SEQUENCE; Schema: public; Owner: cibel
--

CREATE SEQUENCE justificativas_id_seq
    START WITH 1
    INCREMENT BY 1
    NO MINVALUE
    NO MAXVALUE
    CACHE 1;


ALTER TABLE public.justificativas_id_seq OWNER TO cibel;

--
-- Name: justificativas_id_seq; Type: SEQUENCE OWNED BY; Schema: public; Owner: cibel
--

ALTER SEQUENCE justificativas_id_seq OWNED BY justificativas.id;


--
-- Name: reservas; Type: TABLE; Schema: public; Owner: cibel; Tablespace: 
--

CREATE TABLE reservas (
    id integer NOT NULL,
    contratacao timestamp without time zone,
    sepultamento timestamp without time zone,
    atendente_id integer,
    sala_id integer,
    cemiterio_id integer,
    d_obito character varying,
    falecido character varying,
    municipe character varying,
    created_at timestamp without time zone NOT NULL,
    updated_at timestamp without time zone NOT NULL,
    mesmo_local boolean,
    velorio_id integer,
    excluida boolean
);


ALTER TABLE public.reservas OWNER TO cibel;

--
-- Name: reservas_id_seq; Type: SEQUENCE; Schema: public; Owner: cibel
--

CREATE SEQUENCE reservas_id_seq
    START WITH 1
    INCREMENT BY 1
    NO MINVALUE
    NO MAXVALUE
    CACHE 1;


ALTER TABLE public.reservas_id_seq OWNER TO cibel;

--
-- Name: reservas_id_seq; Type: SEQUENCE OWNED BY; Schema: public; Owner: cibel
--

ALTER SEQUENCE reservas_id_seq OWNED BY reservas.id;


--
-- Name: salas; Type: TABLE; Schema: public; Owner: cibel; Tablespace: 
--

CREATE TABLE salas (
    id integer NOT NULL,
    especial boolean,
    velorio_id integer,
    created_at timestamp without time zone NOT NULL,
    updated_at timestamp without time zone NOT NULL,
    desabilitada boolean
);


ALTER TABLE public.salas OWNER TO cibel;

--
-- Name: salas_id_seq; Type: SEQUENCE; Schema: public; Owner: cibel
--

CREATE SEQUENCE salas_id_seq
    START WITH 1
    INCREMENT BY 1
    NO MINVALUE
    NO MAXVALUE
    CACHE 1;


ALTER TABLE public.salas_id_seq OWNER TO cibel;

--
-- Name: salas_id_seq; Type: SEQUENCE OWNED BY; Schema: public; Owner: cibel
--

ALTER SEQUENCE salas_id_seq OWNED BY salas.id;


--
-- Name: schema_migrations; Type: TABLE; Schema: public; Owner: cibel; Tablespace: 
--

CREATE TABLE schema_migrations (
    version character varying NOT NULL
);


ALTER TABLE public.schema_migrations OWNER TO cibel;

--
-- Name: velorios; Type: TABLE; Schema: public; Owner: cibel; Tablespace: 
--

CREATE TABLE velorios (
    id integer NOT NULL,
    nome character varying,
    created_at timestamp without time zone NOT NULL,
    updated_at timestamp without time zone NOT NULL,
    cemiterio_id integer
);


ALTER TABLE public.velorios OWNER TO cibel;

--
-- Name: velorios_id_seq; Type: SEQUENCE; Schema: public; Owner: cibel
--

CREATE SEQUENCE velorios_id_seq
    START WITH 1
    INCREMENT BY 1
    NO MINVALUE
    NO MAXVALUE
    CACHE 1;


ALTER TABLE public.velorios_id_seq OWNER TO cibel;

--
-- Name: velorios_id_seq; Type: SEQUENCE OWNED BY; Schema: public; Owner: cibel
--

ALTER SEQUENCE velorios_id_seq OWNED BY velorios.id;


--
-- Name: veloristas; Type: TABLE; Schema: public; Owner: cibel; Tablespace: 
--

CREATE TABLE veloristas (
    id integer NOT NULL,
    velorio_id integer,
    funcionario_id integer,
    created_at timestamp without time zone NOT NULL,
    updated_at timestamp without time zone NOT NULL
);


ALTER TABLE public.veloristas OWNER TO cibel;

--
-- Name: veloristas_id_seq; Type: SEQUENCE; Schema: public; Owner: cibel
--

CREATE SEQUENCE veloristas_id_seq
    START WITH 1
    INCREMENT BY 1
    NO MINVALUE
    NO MAXVALUE
    CACHE 1;


ALTER TABLE public.veloristas_id_seq OWNER TO cibel;

--
-- Name: veloristas_id_seq; Type: SEQUENCE OWNED BY; Schema: public; Owner: cibel
--

ALTER SEQUENCE veloristas_id_seq OWNED BY veloristas.id;


--
-- Name: id; Type: DEFAULT; Schema: public; Owner: cibel
--

ALTER TABLE ONLY agencias ALTER COLUMN id SET DEFAULT nextval('agencias_id_seq'::regclass);


--
-- Name: id; Type: DEFAULT; Schema: public; Owner: cibel
--

ALTER TABLE ONLY atendentes ALTER COLUMN id SET DEFAULT nextval('atendentes_id_seq'::regclass);


--
-- Name: id; Type: DEFAULT; Schema: public; Owner: cibel
--

ALTER TABLE ONLY cemiterios ALTER COLUMN id SET DEFAULT nextval('cemiterios_id_seq'::regclass);


--
-- Name: id; Type: DEFAULT; Schema: public; Owner: cibel
--

ALTER TABLE ONLY funcionarios ALTER COLUMN id SET DEFAULT nextval('funcionarios_id_seq'::regclass);


--
-- Name: id; Type: DEFAULT; Schema: public; Owner: cibel
--

ALTER TABLE ONLY justificativas ALTER COLUMN id SET DEFAULT nextval('justificativas_id_seq'::regclass);


--
-- Name: id; Type: DEFAULT; Schema: public; Owner: cibel
--

ALTER TABLE ONLY reservas ALTER COLUMN id SET DEFAULT nextval('reservas_id_seq'::regclass);


--
-- Name: id; Type: DEFAULT; Schema: public; Owner: cibel
--

ALTER TABLE ONLY salas ALTER COLUMN id SET DEFAULT nextval('salas_id_seq'::regclass);


--
-- Name: id; Type: DEFAULT; Schema: public; Owner: cibel
--

ALTER TABLE ONLY velorios ALTER COLUMN id SET DEFAULT nextval('velorios_id_seq'::regclass);


--
-- Name: id; Type: DEFAULT; Schema: public; Owner: cibel
--

ALTER TABLE ONLY veloristas ALTER COLUMN id SET DEFAULT nextval('veloristas_id_seq'::regclass);


--
-- Data for Name: agencias; Type: TABLE DATA; Schema: public; Owner: cibel
--

COPY agencias (id, nome, created_at, updated_at) FROM stdin;
1	Araçá	2016-03-17 14:37:52.386235	2016-03-17 14:37:52.386235
2	Central	2016-03-17 14:37:52.506865	2016-03-17 14:37:52.506865
3	Itaquera	2016-03-17 14:37:52.598545	2016-03-17 14:37:52.598545
4	Lapa	2016-03-17 14:37:52.690446	2016-03-17 14:37:52.690446
5	Quarta Parada	2016-03-17 14:37:52.781658	2016-03-17 14:37:52.781658
6	Santana	2016-03-17 14:37:52.873334	2016-03-17 14:37:52.873334
7	Saudade	2016-03-17 14:37:52.964992	2016-03-17 14:37:52.964992
8	Vila Formosa	2016-03-17 14:37:53.05659	2016-03-17 14:37:53.05659
9	Servidor Municipal	2016-03-17 14:37:53.14829	2016-03-17 14:37:53.14829
\.


--
-- Name: agencias_id_seq; Type: SEQUENCE SET; Schema: public; Owner: cibel
--

SELECT pg_catalog.setval('agencias_id_seq', 9, true);


--
-- Data for Name: atendentes; Type: TABLE DATA; Schema: public; Owner: cibel
--

COPY atendentes (id, agencia_id, adm, funcionario_id, created_at, updated_at) FROM stdin;
1	1	t	1	2016-03-17 14:37:52.49827	2016-03-17 14:37:52.49827
2	2	f	2	2016-03-17 14:37:52.590375	2016-03-17 14:37:52.590375
3	3	f	3	2016-03-17 14:37:52.682895	2016-03-17 14:37:52.682895
4	4	f	4	2016-03-17 14:37:52.773608	2016-03-17 14:37:52.773608
5	5	f	5	2016-03-17 14:37:52.865336	2016-03-17 14:37:52.865336
6	6	f	6	2016-03-17 14:37:52.956917	2016-03-17 14:37:52.956917
7	7	f	7	2016-03-17 14:37:53.048581	2016-03-17 14:37:53.048581
8	8	f	8	2016-03-17 14:37:53.140243	2016-03-17 14:37:53.140243
9	9	f	9	2016-03-17 14:37:53.23216	2016-03-17 14:37:53.23216
28	1	\N	28	2016-04-04 16:16:40.188692	2016-04-04 16:16:40.188692
29	1	\N	29	2016-04-04 16:17:12.145428	2016-04-04 16:17:12.145428
30	1	\N	30	2016-04-04 16:17:34.726801	2016-04-04 16:17:34.726801
31	1	\N	31	2016-04-04 16:17:56.125122	2016-04-04 16:17:56.125122
32	1	\N	32	2016-04-04 16:18:48.395536	2016-04-04 16:18:48.395536
33	1	\N	33	2016-04-04 16:19:05.827225	2016-04-04 16:19:05.827225
34	1	\N	34	2016-04-04 16:19:28.725353	2016-04-04 16:19:28.725353
35	1	\N	35	2016-04-04 16:19:44.315719	2016-04-04 16:19:44.315719
36	1	\N	36	2016-04-04 16:20:01.730779	2016-04-04 16:20:01.730779
37	1	\N	37	2016-04-04 16:20:36.43678	2016-04-04 16:20:36.43678
38	1	\N	38	2016-04-04 16:20:53.602219	2016-04-04 16:20:53.602219
39	1	\N	39	2016-04-04 16:21:07.43339	2016-04-04 16:21:07.43339
40	1	\N	40	2016-04-04 16:21:22.707195	2016-04-04 16:21:22.707195
41	1	\N	41	2016-04-04 16:21:40.12237	2016-04-04 16:21:40.12237
42	1	\N	42	2016-04-04 16:21:54.096245	2016-04-04 16:21:54.096245
43	1	\N	43	2016-04-04 16:22:29.568991	2016-04-04 16:22:29.568991
44	1	\N	44	2016-04-04 16:23:46.694895	2016-04-04 16:23:46.694895
45	1	\N	45	2016-04-04 16:24:15.725643	2016-04-04 16:24:15.725643
46	1	\N	46	2016-04-04 16:24:30.4408	2016-04-04 16:24:30.4408
47	1	\N	47	2016-04-04 16:24:49.189502	2016-04-04 16:24:49.189502
48	2	\N	48	2016-04-06 16:35:57.086156	2016-04-06 16:35:57.086156
49	2	\N	49	2016-04-06 16:36:41.332781	2016-04-06 16:36:41.332781
50	2	\N	50	2016-04-06 16:37:06.672287	2016-04-06 16:37:06.672287
51	2	\N	51	2016-04-06 16:37:36.586472	2016-04-06 16:37:36.586472
52	1	\N	52	2016-04-06 16:38:21.356856	2016-04-06 16:38:21.356856
53	5	\N	53	2016-04-07 11:41:56.615556	2016-04-07 11:41:56.615556
54	5	\N	54	2016-04-07 11:42:36.9702	2016-04-07 11:42:36.9702
55	5	\N	55	2016-04-07 11:42:58.276696	2016-04-07 11:42:58.276696
56	6	\N	56	2016-04-08 11:05:56.712153	2016-04-08 11:05:56.712153
57	6	\N	57	2016-04-08 11:06:29.675327	2016-04-08 11:06:29.675327
59	5	\N	59	2016-04-13 13:00:48.098885	2016-04-13 13:00:48.098885
60	3	\N	60	2016-04-14 15:39:47.488705	2016-04-14 15:39:47.488705
61	3	\N	61	2016-04-14 15:40:11.261963	2016-04-14 15:40:11.261963
62	3	\N	62	2016-04-14 15:40:44.60854	2016-04-14 15:40:44.60854
63	3	\N	63	2016-04-14 15:41:19.522527	2016-04-14 15:41:19.522527
64	1	\N	64	2016-04-14 15:41:53.494881	2016-04-14 15:41:53.494881
65	1	\N	65	2016-04-14 15:42:50.114847	2016-04-14 15:42:50.114847
66	3	\N	66	2016-04-14 15:43:14.012119	2016-04-14 15:43:14.012119
67	3	\N	67	2016-04-14 15:43:36.48516	2016-04-14 15:43:36.48516
68	3	\N	68	2016-04-14 15:44:28.739558	2016-04-14 15:44:28.739558
69	8	\N	69	2016-04-28 13:28:07.763329	2016-04-28 13:28:07.763329
70	8	\N	70	2016-04-28 13:29:02.925216	2016-04-28 13:29:02.925216
71	8	\N	71	2016-04-28 13:29:36.06373	2016-04-28 13:29:36.06373
\.


--
-- Name: atendentes_id_seq; Type: SEQUENCE SET; Schema: public; Owner: cibel
--

SELECT pg_catalog.setval('atendentes_id_seq', 1, false);


--
-- Data for Name: cemiterios; Type: TABLE DATA; Schema: public; Owner: cibel
--

COPY cemiterios (id, nome, velorio_id, created_at, updated_at, outro) FROM stdin;
1	Araçá	1	2016-03-17 14:37:53.409193	2016-03-17 14:37:53.409193	\N
2	Campo Grande	2	2016-03-17 14:37:53.424164	2016-03-17 14:37:53.424164	\N
3	Dom Bosco	3	2016-03-17 14:37:53.432689	2016-03-17 14:37:53.432689	\N
4	Freguesia do Ó	4	2016-03-17 14:37:53.440961	2016-03-17 14:37:53.440961	\N
5	Itaquera	5	2016-03-17 14:37:53.448896	2016-03-17 14:37:53.448896	\N
6	Lajeado	6	2016-03-17 14:37:53.457238	2016-03-17 14:37:53.457238	\N
7	Lapa	7	2016-03-17 14:37:53.46606	2016-03-17 14:37:53.46606	\N
8	Quarta Parada	8	2016-03-17 14:37:53.474346	2016-03-17 14:37:53.474346	\N
9	Santana	9	2016-03-17 14:37:53.482685	2016-03-17 14:37:53.482685	\N
10	Santo Amaro	10	2016-03-17 14:37:53.490704	2016-03-17 14:37:53.490704	\N
11	São Luiz	11	2016-03-17 14:37:53.499244	2016-03-17 14:37:53.499244	\N
12	São Paulo	12	2016-03-17 14:37:53.507631	2016-03-17 14:37:53.507631	\N
13	São Pedro	13	2016-03-17 14:37:53.515932	2016-03-17 14:37:53.515932	\N
14	Saudade	14	2016-03-17 14:37:53.524234	2016-03-17 14:37:53.524234	\N
15	Tremembé	15	2016-03-17 14:37:53.5409	2016-03-17 14:37:53.5409	\N
16	Vila Formosa II	16	2016-03-17 14:37:53.548915	2016-03-17 14:37:53.548915	\N
17	Vila Mariana	17	2016-03-17 14:37:53.557512	2016-03-17 14:37:53.557512	\N
18	Vila Nova Cachoeirinha	18	2016-03-17 14:37:53.616423	2016-03-17 14:37:53.616423	\N
19	Crematório	\N	2016-03-17 14:37:53.623609	2016-03-17 14:37:53.623609	\N
20	SAUDADE - SAO CAETANO DO SUL	\N	2016-04-05 08:00:02.715113	2016-04-05 08:00:02.715113	t
21	CONSOLAÇÃO	\N	2016-04-05 08:09:27.854103	2016-04-05 08:09:27.854103	t
22	SAUDADE - SAO CAETANO DO SUL	\N	2016-04-05 10:07:56.328952	2016-04-05 10:07:56.328952	t
23	SAUDADE - SAO CAETANO DO SUL	\N	2016-04-05 10:07:56.490818	2016-04-05 10:07:56.490818	t
24	CONSOLAÇÃO	\N	2016-04-06 14:34:08.224337	2016-04-06 14:34:08.224337	t
25	CONSOLACAO	\N	2016-04-06 14:35:17.792238	2016-04-06 14:35:17.792238	t
26	CEM.MUN.DE SOUSAS CAMPINAS-SP	\N	2016-04-11 12:14:06.135147	2016-04-11 12:14:06.135147	t
27	PARQUE DOS GIRASSOIS - OSASCO - SP	\N	2016-04-14 14:27:07.781386	2016-04-14 14:27:07.781386	t
28	CEMITERIO MUNICIPAL DO MARANHÃO -COTIA-SP	\N	2016-05-04 13:11:01.320977	2016-05-04 13:11:01.320977	t
29	JARAGUA	\N	2016-05-07 13:30:49.693732	2016-05-07 13:30:49.693732	t
\.


--
-- Name: cemiterios_id_seq; Type: SEQUENCE SET; Schema: public; Owner: cibel
--

SELECT pg_catalog.setval('cemiterios_id_seq', 29, true);


--
-- Data for Name: funcionarios; Type: TABLE DATA; Schema: public; Owner: cibel
--

COPY funcionarios (id, nome, password_digest, rf, created_at, updated_at) FROM stdin;
1	Atendente - Araça	$2a$10$wfkZeUQ24b/piQKJ5CKiQeTVGsHlB7pBfBQ3RWoDt6xcyqV5TUWiy	01	2016-03-17 14:37:52.473613	2016-03-17 14:37:52.473613
2	Atendente - Central	$2a$10$X5YPY9IyamDimzO4xU7l/eZKNC3M1M.02WqK2gTj/8JcLPqGFZNVe	02	2016-03-17 14:37:52.585429	2016-03-17 14:37:52.585429
3	Atendente - Itaquera	$2a$10$AoaFHr56aAATkZoXE5.pGOqBwdlvRPEgLGn.KO1InlbeYAaC/p4QC	03	2016-03-17 14:37:52.673258	2016-03-17 14:37:52.673258
4	Atendente - Lapa	$2a$10$qG0Ba9gJJzYb4F9yiCYhxuBPxtUnBV2Lgt65IEk7xS49EQ8UwbD.6	04	2016-03-17 14:37:52.767263	2016-03-17 14:37:52.767263
5	Atendente - Quarta Parada	$2a$10$Ghu7Q4Nt7XqjMHG09YQcZunLCkhoieTJCJ8sjZugAvUaPH9xmu0xa	05	2016-03-17 14:37:52.854056	2016-03-17 14:37:52.854056
6	Atendente - Santana	$2a$10$593juWwm8fCDtP0ZnWn37Oh5iqXx/D8ZVG89bTnMM/bBMwbRhyaVO	06	2016-03-17 14:37:52.947745	2016-03-17 14:37:52.947745
7	Atendente - Saudade	$2a$10$WPRyxh5P3UbDJx3Ae9.OJuDVnLJum2tw9G.ivJPuRhT7y9aBbdlg.	07	2016-03-17 14:37:53.041767	2016-03-17 14:37:53.041767
8	Atendente - Vila Formosa	$2a$10$TZ1L3SLZ9NOOjmKU0CnTZuvakg/XieKu/jjGY10rxT7nJCpFOd2Dy	08	2016-03-17 14:37:53.129229	2016-03-17 14:37:53.129229
9	Atendente - Servidor Municipal	$2a$10$EWCmbsyZWoifwiQ0LrWTT.Cbc8jaeDMxfc6HtFUKme/j9cQbz1Ifq	09	2016-03-17 14:37:53.222939	2016-03-17 14:37:53.222939
10	Velorista - Araça	$2a$10$B4R22AoWMO6UJehImSWQ2uzkUd1sHqIA2X6tXdohx2aplizcNTj9q	1	2016-03-17 14:37:53.785738	2016-03-17 14:37:53.785738
11	Velorista - Campo Grande	$2a$10$0PzLBw9hMgJauRtddFNLSuYfSr2ypAIeEqKLbHmdiSsdSWeJM6TmC	2	2016-03-17 14:37:53.907813	2016-03-17 14:37:53.907813
12	Velorista - Dom Bosco	$2a$10$Gv2XslqVi7rDTwLRsLv0sel7H1MCbhVYhlWQurrVTKclHfsG1SBBy	3	2016-03-17 14:37:54.041241	2016-03-17 14:37:54.041241
13	Velorista - Freguesia do Ó	$2a$10$gh6k6bd1sd0TVt2pQBIc6OIfX9NDQr/EkeNMULDnUcU42chWvVznq	4	2016-03-17 14:37:54.137685	2016-03-17 14:37:54.137685
14	Velorista - Itaquera	$2a$10$z5nVaAyR8reiPqfXI2A7vesAUSgvH4JJwB5yQvR4jUUmB7u/MZmqS	5	2016-03-17 14:37:54.257254	2016-03-17 14:37:54.257254
15	Velorista - Lajeado	$2a$10$P03VOXAIGeMw2fT5ApxVROdhupCDRhwhWt4LSuPmG8loVpAx8Xo7m	6	2016-03-17 14:37:54.36451	2016-03-17 14:37:54.36451
16	Velorista - Lapa	$2a$10$6XuuJCTAUiHAWVG/lU5QUO9ZwBeA5p4NyHlCwacRxVWeBVgpK2QFS	7	2016-03-17 14:37:54.483968	2016-03-17 14:37:54.483968
17	Velorista - Quarta Parada	$2a$10$2Ur3vcFXdwV3P4ixAWaz4uNJJ8LuYWgPwNZ0.BEWseSmC6po6Phui	8	2016-03-17 14:37:54.640753	2016-03-17 14:37:54.640753
18	Velorista - Santana	$2a$10$tAdaqTBWRv1p/MiSOpsHkeovul1NPLKMLyUPbtZOiibgJqUZDPP2K	9	2016-03-17 14:37:54.767194	2016-03-17 14:37:54.767194
19	Velorista - Santo Amaro	$2a$10$l8kW9bl/Ahs/WOmI12lCouFxqNEZn0.vht4o/OReFvzCAMs0titJK	10	2016-03-17 14:37:54.877532	2016-03-17 14:37:54.877532
20	Velorista - São Luiz	$2a$10$HmxyTl4hOsyu98zzK5zovu9Vc.obzTDdlfU7KjyEDo2FvYCUVauee	11	2016-03-17 14:37:55.02463	2016-03-17 14:37:55.02463
21	Velorista - São Paulo	$2a$10$SlYXWLb3BeuQwS3SsljPr.j6VzfzvKbtD8uLnVK3EkFzMcCj3HXoi	12	2016-03-17 14:37:55.132778	2016-03-17 14:37:55.132778
22	Velorista - São Pedro	$2a$10$PuH1mJVICmchvu3noVeCQeQvY8Pg3eKKrHWSzRMT2N1OY9zMMKtOO	13	2016-03-17 14:37:55.314467	2016-03-17 14:37:55.314467
23	Velorista - Saudade	$2a$10$KHIjGjJ4/.5dm9Dsu3u7g.espBvUfo/hw4y0ik4FO99iUwpolyxea	14	2016-03-17 14:37:55.432782	2016-03-17 14:37:55.432782
24	Velorista - Tremembé	$2a$10$UEsXVEZzYF666RIMPr/DQ.HPg3ZB05DywrP9tvl5qy/f66DqHKk.O	15	2016-03-17 14:37:55.550122	2016-03-17 14:37:55.550122
25	Velorista - Vila Formosa II	$2a$10$oKEvDIKJz5pXDPBGK3cXiO7Pz2wvk8PEuDvz6olWEgavurm5QW1D.	16	2016-03-17 14:37:55.806203	2016-03-17 14:37:55.806203
26	Velorista - Vila Mariana	$2a$10$2.BDce92fT6Ij3nLcVm9QOJOGVIh6ZmHaO6gy.BPCF6BDFC3mUHRy	17	2016-03-17 14:37:55.934747	2016-03-17 14:37:55.934747
27	Velorista - Vila Nova Cachoeirinha	$2a$10$Pa2GOcHfahS7WBOn41AZae4KifuogA6AGZbkN7EZsqA6bBYUjdMqu	18	2016-03-17 14:37:56.098232	2016-03-17 14:37:56.098232
28	PEDRO FRANCISCO LIMA	$2a$10$u/FMHkiDIA33wl8oK0hSau0kmrksJuIX59dNpacmOsIJrED0Sd.rS	27021	2016-04-04 16:16:40.129103	2016-04-04 16:16:40.129103
29	ELIZETE FERREIRA DA SILVA	$2a$10$CLJLNGEyWjjeJ69CYyyRA.AKgMx3cdntrOX93NBEE6C1cXkDAqKNm	21011	2016-04-04 16:17:12.108298	2016-04-04 16:17:12.108298
30	FRANCISCO JOSE DE PAULA COSTA	$2a$10$cOYZbe3/V1ZCHu0QMvRC2eUPgrdZGQkPh/lYlcobGUxmmvvor9Ehu	13221	2016-04-04 16:17:34.706287	2016-04-04 16:17:34.706287
31	ALEXANDRE CELSO GUEDES	$2a$10$vPY3haPAT4r/BDbTdGZCluHbU.WKNNwnU5lishg/QNQX4znA0Y6kK	11481	2016-04-04 16:17:56.100687	2016-04-04 16:17:56.100687
32	DARCI BATISTA D´ALMEIDA	$2a$10$fvPYstqSxcgbMbbWOl5.auSYay3DsJRIyQssginTA49EWLv8IVxBu	05911	2016-04-04 16:18:48.37424	2016-04-04 16:18:48.37424
33	ONEIDE MAFFEI DUZZI	$2a$10$rJ43PQF8bz/3KbByrwY83OwqhtZEAdox/ffvJ.lWrwfjs7J3DSjgi	14481	2016-04-04 16:19:05.805276	2016-04-04 16:19:05.805276
34	CLAUDIO IESCA RODRIGUES JUNIOR	$2a$10$V4SJK42AZs8KEl6H48GMwuUojhHdX.goJMOsXMD4tE6yChCkN4ABC	11801	2016-04-04 16:19:28.705352	2016-04-04 16:19:28.705352
35	DANIEL MARCOS DE SOUZA	$2a$10$yyTT7QO7b9VEFn1OrwxOjO6duQHp4abkrnNoxerrtVZsedrtgXjGO	40072	2016-04-04 16:19:44.282139	2016-04-04 16:19:44.282139
36	EUCLIDES DE CARVALHO NETO	$2a$10$kbIr2RedeGwqNNMSxy4UOOjl8b5YIK/Kv6Dpf/EbcWZma1V4GhC.O	13561	2016-04-04 16:20:01.706249	2016-04-04 16:20:01.706249
37	PEDRO LUIZ MACHADO DE ARAUJO	$2a$10$fFN.R07f7SvylF3ORayNHukbHfxHwbZTmA7ohEc8dh563YryMYiRy	15211	2016-04-04 16:20:36.40824	2016-04-04 16:20:36.40824
38	AMAURI GUIZELINI	$2a$10$y1nH3NS2XmUo3H6OPOp6s.LrB1g18uiXlEIepGctq9heqZUQKKktK	12951	2016-04-04 16:20:53.57879	2016-04-04 16:20:53.57879
39	ANA MARIA BERNARDES NEPOMUCENO	$2a$10$iRfOkFstbUm5lfa9.xDM6.ufURaL14Jj3ZQyzgB0/TbJRof7Hc3Q.	39432	2016-04-04 16:21:07.405234	2016-04-04 16:21:07.405234
40	MARCELO NASCIMENTO DA SILVA	$2a$10$yDuywb2iggVv3J.EU0flrOvj0xtydMQldtsSajK1moTMPwU4Z52Ey	20961	2016-04-04 16:21:22.681644	2016-04-04 16:21:22.681644
41	VALDECI BATISTA BARCA	$2a$10$F.KJG3M2WWtkyDY2QH5lRu25DIxSPN7GPuEOX.bpv4VZqHxx2snSa	37682	2016-04-04 16:21:40.099577	2016-04-04 16:21:40.099577
42	VALDOMIRO DE JESUS	$2a$10$W0TY7SMis/6i0PItGSTkqOgOdTDQ1bU28WhFNCFiuDrwjLbJH6X/a	26682	2016-04-04 16:21:54.075956	2016-04-04 16:21:54.075956
43	MATUZALEM SILVA GOMES	$2a$10$2bFRh5LL0QfI.L.SiWhl7.8skRCXZl5wDWuu2ypSKEMUFsNbYATIC	11061	2016-04-04 16:22:29.543831	2016-04-04 16:22:29.543831
44	MARIA APARECIDA GASPAR SERAFIM	$2a$10$vMIXtysC5QnjI71Ts79CLuKbffEsfCw5D/GxmwwIJTp2ybi6UqWPG	14501	2016-04-04 16:23:46.670591	2016-04-04 16:23:46.670591
45	SINDERVALDA ALVES VALENCIO	$2a$10$W49a2iurBIhH5LWovGvDIO1NwNq9lbUVzX2/ElrOSfVsT9cr2BJ9.	15251	2016-04-04 16:24:15.700302	2016-04-04 16:24:15.700302
46	VERA LUCIA CASTREQUINI DA SILVA	$2a$10$Kys6c5NtcYxIInAGHJ4qlO6kBkFMTkaXbiQ0xZQ5HMnNn36FHKNg6	18931	2016-04-04 16:24:30.41946	2016-04-04 16:24:30.41946
47	LEA MARISA DOMINGOS	$2a$10$DrdNyopfsneYxbLkZb1D6uFhXJEI3o62xnyoR4yg/UjEQiUyXnsFW	14611	2016-04-04 16:24:49.152388	2016-04-04 16:24:49.152388
48	SOLANGE OLIVEIRA SOUZA	$2a$10$hZArrnE5.StQyh1zy26twuQn4KvKqc7JKfaq5l7ylGge6MHBv71bO	15811	2016-04-06 16:35:57.036605	2016-04-06 16:35:57.036605
49	RONALDO LEITE FONSECA	$2a$10$4RssaV8wFskYxKSSRUGmNOb.2uxNIZCnK9U9jA6ToLrnBurOC8LSq	15101	2016-04-06 16:36:41.313144	2016-04-06 16:36:41.313144
50	VANIA MATAREZE DE CAMARGO	$2a$10$6KBqwIyE6xPLZQaZOVsBiODtiYlIUK9BE533Lyi7GOtTd2TVSYOrG	13591	2016-04-06 16:37:06.645799	2016-04-06 16:37:06.645799
51	MARIA IVONEIDE AMANCIO 	$2a$10$6RkpNX44XOrnNdKdzLV3Qu2jRO8ysmjZ2/k72XmDOHODR2O41btLK	31572	2016-04-06 16:37:36.563612	2016-04-06 16:37:36.563612
52	RAFAEL BEBIANO DE AGUIAR	$2a$10$0ZCpJfPB2PkbUHajLaIX9.EhA8KNjr4uQusz8N1Y/Sxgxu3deXOZy	40062	2016-04-06 16:38:21.335051	2016-04-06 16:38:21.335051
53	JOAQUIM CARLOS M DE OLIVEIRA	$2a$10$4wm6jXduaOnoNGABqI4KoO5sCcTaGyazrytDjD76WxoHZDM4BKYlK	14511	2016-04-07 11:41:56.592467	2016-04-07 11:41:56.592467
54	GILBERTO BUENO LUQUE	$2a$10$B3PH5NUFTlaWALzWYaRX2eUxQy4gN3JH2vh/TZV1mWUWVnL3RGDlK	10172	2016-04-07 11:42:36.94963	2016-04-07 11:42:36.94963
55	JOSE CARLOS RIBEIRO	$2a$10$Yk3ryFY4INIXM77ReKODEe7qLJlk2E.OV8r9XC6qsB1l20e8jlUIW	8432	2016-04-07 11:42:58.24694	2016-04-07 11:42:58.24694
56	CRISTINA ANALIA DE ARAUJO	$2a$10$PG.bDT6b4ayKEPz91U33YuGsgSGu6hazddOL6xHpb.Bg.fa0gdozO	10011	2016-04-08 11:05:56.6975	2016-04-08 11:05:56.6975
57	JOSE EDMILSON SOUZA	$2a$10$ojKcp8s9CvQi7VPmIoTg1e9eDb.YOinGikE.H4fp0xusLqfKhS0xK	24352	2016-04-08 11:06:29.652633	2016-04-08 11:06:29.652633
59	ALVARO CARDIA JUNIOR	$2a$10$QKF8HSN5S.8sVtl5ltnUsO0FkwjeYvj4l8C/RnzbVwkIpMmdgPuAK	15271	2016-04-13 13:00:48.079264	2016-04-13 13:00:48.079264
60	EDVALDO ROBERTO DOS SANTOS	$2a$10$bSXdtJhKsdFSex0lfZxVLeXctRREQzFdFfGY0S0xgh7PxV9yx3DfS	27322	2016-04-14 15:39:47.465761	2016-04-14 15:39:47.465761
61	ROSANA DOS SANTOS OLIVEIRA	$2a$10$whdQ2hC9vGCttGD1OxPnh.19jBfAhNoyTV1CuAvOP.f0OlvDCn/v6	31952	2016-04-14 15:40:11.241237	2016-04-14 15:40:11.241237
62	MANOEL ROBERTO PAULINO	$2a$10$OifJEKIXfekvslX/CZcPZu4vGWj7Nte0TLuOWEmA3x3qhus0DDWW2	30512	2016-04-14 15:40:44.59605	2016-04-14 15:40:44.59605
63	JUAREZ GONZAGA DA SILVA	$2a$10$psi8SteuGXXz4eWAi0DrHOsUwiqPtD1pbnBP9MdnksYeQzOaHG4ha	17302	2016-04-14 15:41:19.49886	2016-04-14 15:41:19.49886
64	SILVIA MARIA SOARES	$2a$10$XJ8B4Nn4YaYHgbKen6SbJO4VmbL.Ob8PVYt7m5JzIXEEA11J1XNYS	34932	2016-04-14 15:41:53.47407	2016-04-14 15:41:53.47407
65	SIBELE L ANTONIO GARCIA	$2a$10$0wUfDi4Dj.9Y76g1jB6sL.5l5k7FN3yuqrJoneWUCo8tWd37aFep6	39142	2016-04-14 15:42:50.092019	2016-04-14 15:42:50.092019
66	PAULO ROBERTO RODRIGUES	$2a$10$ZdHyHjWK16Lg0HmoWvqt7eBAAcDHcljfuyrrw7ljrxHjDUmNuvc0K	38472	2016-04-14 15:43:13.989167	2016-04-14 15:43:13.989167
67	JESSEL LEMOS DA SILVA	$2a$10$ibYKXUmhT2IbEsNFcPrFge3yz1ens1uE0heq2uTGjoEU5Vz3Mco0O	24892	2016-04-14 15:43:36.465509	2016-04-14 15:43:36.465509
68	MIRIAM DE LIMA TEIXEIRA	$2a$10$69yQBtiymyZviCnZPZw3auvFN7LB5n01reZLh7NLvE4mL9lxf5QYa	28361	2016-04-14 15:44:28.713562	2016-04-14 15:44:28.713562
69	JOSE MARIA COSTA	$2a$10$gYYqcaNVcaru6KNehZNK4.szNHs2h8UsxuPJSBodn2AxqZAO1eF4G	37442	2016-04-28 13:28:07.739336	2016-04-28 13:28:07.739336
70	EDLAINE APARECIDA TELES	$2a$10$uT0vVzGqbN4dxexImTZ7J.JXo6ir78E5Iyln1XBdK8L6wfx65T8Bq	40992	2016-04-28 13:29:02.905933	2016-04-28 13:29:02.905933
71	EVANILSON ALVES DA SILVA	$2a$10$cj1bUERyAceZrvYjI3//heGtDFzpn29pkILShiuuRXd3zO1eEsJYe	28411	2016-04-28 13:29:36.037762	2016-04-28 13:29:36.037762
\.


--
-- Name: funcionarios_id_seq; Type: SEQUENCE SET; Schema: public; Owner: cibel
--

SELECT pg_catalog.setval('funcionarios_id_seq', 71, true);


--
-- Data for Name: justificativas; Type: TABLE DATA; Schema: public; Owner: cibel
--

COPY justificativas (id, atendente, horario, sala, reserva, created_at, updated_at, acao, justificativa) FROM stdin;
1	28	2016-04-04 16:29:45.213829	\N	1	2016-04-04 16:29:45.222073	2016-04-04 16:29:45.222073	Deletar	TESTE \r\nLIMA
2	28	2016-04-04 16:33:45.034685	\N	2	2016-04-04 16:33:45.035253	2016-04-04 16:33:45.035253	Deletar	TESTE.\r\nLIMA
3	29	2016-04-04 16:51:00.576892	\N	3	2016-04-04 16:51:00.577392	2016-04-04 16:51:00.577392	Deletar	TESTE  ELIZETE
4	29	2016-04-04 16:58:16.022032	\N	4	2016-04-04 16:58:16.022517	2016-04-04 16:58:16.022517	Deletar	TST
5	28	2016-04-05 07:54:01.062592	\N	5	2016-04-05 07:54:01.06359	2016-04-05 07:54:01.06359	Editar	TESTE
6	28	2016-04-05 07:55:07.988844	\N	5	2016-04-05 07:55:07.989315	2016-04-05 07:55:07.989315	Deletar	TESTE
7	28	2016-04-05 09:44:43.78905	\N	1	2016-04-05 09:44:43.79001	2016-04-05 09:44:43.79001	Editar	TESTE
8	28	2016-04-05 09:47:30.303254	\N	1	2016-04-05 09:47:30.304055	2016-04-05 09:47:30.304055	Editar	TESTE
9	28	2016-04-05 09:48:41.14574	\N	2	2016-04-05 09:48:41.146825	2016-04-05 09:48:41.146825	Editar	TESTE
10	28	2016-04-05 09:49:13.642848	\N	3	2016-04-05 09:49:13.643377	2016-04-05 09:49:13.643377	Editar	TESTE
11	28	2016-04-05 09:49:53.06717	\N	4	2016-04-05 09:49:53.068116	2016-04-05 09:49:53.068116	Editar	TESTE
12	28	2016-04-05 09:50:19.683924	\N	3	2016-04-05 09:50:19.684854	2016-04-05 09:50:19.684854	Editar	TESTE
13	28	2016-04-05 09:51:12.785996	\N	5	2016-04-05 09:51:12.786914	2016-04-05 09:51:12.786914	Editar	TESTE
14	28	2016-04-05 09:51:32.760206	\N	6	2016-04-05 09:51:32.760824	2016-04-05 09:51:32.760824	Editar	TESTE
15	47	2016-04-05 10:21:15.093542	\N	12	2016-04-05 10:21:15.094888	2016-04-05 10:21:15.094888	Editar	VAGA NO VELORIO AS 12H00
16	1	2016-04-06 12:24:44.435086	\N	10	2016-04-06 12:24:44.435585	2016-04-06 12:24:44.435585	Deletar	TESTE
17	1	2016-04-06 12:24:50.726232	\N	9	2016-04-06 12:24:50.726728	2016-04-06 12:24:50.726728	Deletar	TESTE
18	1	2016-04-06 12:24:58.443132	\N	8	2016-04-06 12:24:58.443983	2016-04-06 12:24:58.443983	Deletar	TESTE
19	1	2016-04-06 12:25:05.42511	\N	7	2016-04-06 12:25:05.42556	2016-04-06 12:25:05.42556	Deletar	TESTE
20	1	2016-04-06 12:25:11.366351	\N	6	2016-04-06 12:25:11.366848	2016-04-06 12:25:11.366848	Deletar	TESTE
21	1	2016-04-06 12:25:17.465478	\N	11	2016-04-06 12:25:17.465923	2016-04-06 12:25:17.465923	Deletar	TESTE
22	31	2016-04-06 14:41:55.504412	\N	15	2016-04-06 14:41:55.514254	2016-04-06 14:41:55.514254	Deletar	FAMILIA CANCELOU O VELORIO
23	28	2016-04-06 15:22:47.878078	\N	18	2016-04-06 15:22:47.879144	2016-04-06 15:22:47.879144	Editar	CANCELAR
24	28	2016-04-06 15:24:35.654788	\N	18	2016-04-06 15:24:35.655845	2016-04-06 15:24:35.655845	Deletar	CANCELAR
25	1	2016-04-06 16:02:07.631774	\N	14	2016-04-06 16:02:07.632675	2016-04-06 16:02:07.632675	Deletar	TESTE
26	1	2016-04-06 16:02:16.922522	\N	13	2016-04-06 16:02:16.923383	2016-04-06 16:02:16.923383	Deletar	TESTE
27	1	2016-04-06 16:07:10.04687	\N	17	2016-04-06 16:07:10.047816	2016-04-06 16:07:10.047816	Deletar	TESTE
28	1	2016-04-06 16:07:17.112912	\N	16	2016-04-06 16:07:17.113712	2016-04-06 16:07:17.113712	Deletar	TESTE
29	48	2016-04-06 16:51:12.364996	\N	21	2016-04-06 16:51:12.365747	2016-04-06 16:51:12.365747	Deletar	DESISTENCIA
30	48	2016-04-06 16:51:27.389224	\N	19	2016-04-06 16:51:27.390098	2016-04-06 16:51:27.390098	Deletar	TESTE
31	48	2016-04-06 16:51:32.913851	\N	20	2016-04-06 16:51:32.914807	2016-04-06 16:51:32.914807	Deletar	TESTE
32	34	2016-04-07 00:42:03.887283	\N	23	2016-04-07 00:42:03.887991	2016-04-07 00:42:03.887991	Editar	USUARIO
33	53	2016-04-07 11:47:36.661149	\N	26	2016-04-07 11:47:36.662065	2016-04-07 11:47:36.662065	Deletar	TESTE
34	56	2016-04-08 11:11:15.793199	\N	27	2016-04-08 11:11:15.794227	2016-04-08 11:11:15.794227	Deletar	TESTE
35	36	2016-04-09 02:30:56.100169	\N	23	2016-04-09 02:30:56.101287	2016-04-09 02:30:56.101287	Deletar	E
36	36	2016-04-09 02:31:08.557101	\N	24	2016-04-09 02:31:08.557934	2016-04-09 02:31:08.557934	Deletar	E
37	36	2016-04-09 02:31:17.156442	\N	25	2016-04-09 02:31:17.157304	2016-04-09 02:31:17.157304	Deletar	E
38	36	2016-04-09 02:31:53.861524	\N	22	2016-04-09 02:31:53.862447	2016-04-09 02:31:53.862447	Deletar	E
39	1	2016-04-13 13:41:15.528823	\N	31	2016-04-13 13:41:15.529767	2016-04-13 13:41:15.529767	Deletar	TESTE
40	1	2016-04-14 15:35:36.233653	\N	35	2016-04-14 15:35:36.234646	2016-04-14 15:35:36.234646	Editar	NOME FALECIDO
41	1	2016-04-14 15:37:27.593114	\N	35	2016-04-14 15:37:27.593742	2016-04-14 15:37:27.593742	Deletar	DESISTENCIA
\.


--
-- Name: justificativas_id_seq; Type: SEQUENCE SET; Schema: public; Owner: cibel
--

SELECT pg_catalog.setval('justificativas_id_seq', 41, true);


--
-- Data for Name: reservas; Type: TABLE DATA; Schema: public; Owner: cibel
--

COPY reservas (id, contratacao, sepultamento, atendente_id, sala_id, cemiterio_id, d_obito, falecido, municipe, created_at, updated_at, mesmo_local, velorio_id, excluida) FROM stdin;
1	2016-04-04 16:27:41.911366	2016-04-05 08:26:22	28	1	1	168624	CARLOS AUGUSTO 	ELAINE	2016-04-04 16:27:41.913303	2016-04-04 16:29:45.193838	\N	1	t
2	2016-04-04 16:32:01.008727	2016-04-05 10:31:29	28	1	1	120548	JOSE AMARO	ROSA	2016-04-04 16:32:01.009935	2016-04-04 16:33:45.000103	\N	1	t
3	2016-04-04 16:50:15.647871	2016-04-05 10:49:11	29	5	1	063	TRINDADE	MARIA	2016-04-04 16:50:15.648704	2016-04-04 16:51:00.551196	\N	1	t
4	2016-04-04 16:54:47.327877	2016-04-05 08:54:07	29	1	19	022	JOSE AMARO	MARIA	2016-04-04 16:54:47.328604	2016-04-04 16:58:16.001251	\N	1	t
5	2016-04-05 07:49:30.781746	2016-04-05 16:47:42	28	1	19	363636	JOAQUIM	ANTONIO	2016-04-05 07:49:30.783093	2016-04-05 07:55:07.969205	\N	1	t
12	2016-04-05 10:19:51.147723	2016-04-05 17:18:05	47	100	19	010101	JOSE	JOÃO	2016-04-05 10:19:51.148537	2016-04-05 10:19:51.148537	\N	17	\N
10	2016-04-05 08:10:48.046649	2016-04-06 08:09:27	28	5	21	545454	VIVIAM	MAIETE	2016-04-05 08:10:48.047836	2016-04-06 12:24:44.414944	\N	1	t
9	2016-04-05 08:06:46.1048	2016-04-06 08:05:20	28	1	8	565656	QUITERIA	ANTONIA	2016-04-05 08:06:46.106108	2016-04-06 12:24:50.706643	\N	1	t
8	2016-04-05 08:04:40.472854	2016-04-06 07:03:12	28	4	2	656565	MARCOS	JOSE	2016-04-05 08:04:40.474152	2016-04-06 12:24:58.415367	\N	1	t
7	2016-04-05 08:02:49.718086	2016-04-05 17:02:00	28	5	19	636363	APARECIDO	ALAN	2016-04-05 08:02:49.719157	2016-04-06 12:25:05.403285	\N	1	t
6	2016-04-05 08:01:25.191155	2016-04-05 15:00:02	28	6	20	363636	JOAQUIM	ANTONIO	2016-04-05 08:01:25.19258	2016-04-06 12:25:11.341547	\N	1	t
11	2016-04-05 10:10:43.827188	2016-04-05 14:07:56	45	7	23	525252	PEDRO	VALDA	2016-04-05 10:10:43.828035	2016-04-06 12:25:17.442884	\N	1	t
15	2016-04-06 14:40:20.22774	2016-04-07 12:00:00	31	1	12	112233	ARMANDO	DARCI	2016-04-06 14:40:20.229061	2016-04-06 14:41:55.47446	\N	1	t
18	2016-04-06 15:22:16.244547	2016-04-07 15:00:00	28	4	7	123321	WOOOD	WEEEER	2016-04-06 15:22:16.245852	2016-04-06 15:24:35.625037	\N	1	t
14	2016-04-06 14:35:53.808897	2016-04-06 15:00:00	1	8	1	0002	WALTER	LIMA	2016-04-06 14:35:53.809799	2016-04-06 16:02:07.622061	\N	1	t
13	2016-04-06 14:34:34.788113	2016-04-06 15:00:00	1	1	24	00001	DAYSI	LIMA	2016-04-06 14:34:34.789166	2016-04-06 16:02:16.89653	\N	1	t
17	2016-04-06 15:14:15.783659	2016-04-07 14:00:00	28	1	4	252525	ALVARENGA	AGAMENON	2016-04-06 15:14:15.784981	2016-04-06 16:07:10.023348	\N	1	t
16	2016-04-06 14:50:35.203364	2016-04-07 10:00:00	33	3	19	223344	ALMEIDA	ALEXANDRE	2016-04-06 14:50:35.204727	2016-04-06 16:07:17.088628	\N	1	t
21	2016-04-06 16:49:05.621123	2016-04-07 16:00:00	48	5	12	25845	DAVI	DANIEL	2016-04-06 16:49:05.622554	2016-04-06 16:51:12.343946	\N	1	t
19	2016-04-06 16:44:20.769068	2016-04-07 09:00:00	48	3	19	150365	JOAQUIM	MARIA	2016-04-06 16:44:20.770517	2016-04-06 16:51:27.357423	\N	1	t
20	2016-04-06 16:46:03.389324	2016-04-07 08:00:00	48	5	1	54558	LAERCIO	JORGE	2016-04-06 16:46:03.390836	2016-04-06 16:51:32.885557	\N	1	t
33	2016-04-14 14:28:56.764325	2016-04-15 10:00:00	28	2	27	171367	GENEROSA POLETI	FLAVIO CORREA PROSPERO	2016-04-14 14:28:56.765762	2016-04-14 14:28:56.765762	\N	1	\N
26	2016-04-07 11:46:49.17418	2016-04-07 17:00:00	53	1	1	177328	ALVES	LUCIA	2016-04-07 11:46:49.175539	2016-04-07 11:47:36.633222	\N	1	t
27	2016-04-08 11:09:37.601976	2016-04-08 17:00:00	56	5	1	104066	MARIA	JOAO	2016-04-08 11:09:37.603349	2016-04-08 11:11:15.769218	\N	1	t
28	2016-04-08 12:56:15.122675	2016-04-09 10:00:00	31	1	1	230722	CONCETTA MANNO JANNONE	ROSANA PINESCHI	2016-04-08 12:56:15.123644	2016-04-08 12:56:15.123644	\N	1	\N
29	2016-04-09 02:30:08.297986	2016-04-09 16:00:00	36	6	18	170206	EDNALDO GOMES DE SOUZA 	PATRICIA	2016-04-09 02:30:08.299443	2016-04-09 02:30:08.299443	\N	1	\N
23	2016-04-07 00:39:49.967195	2016-04-07 14:00:00	34	2	1	2	LUIZ CARLOS ROOZ	MARLENE CENTRAL	2016-04-07 00:39:49.968148	2016-04-09 02:30:56.073814	\N	1	t
24	2016-04-07 00:40:24.079628	2016-04-07 13:00:00	34	3	1	3	SOTHIA SILVESTRE	IGN	2016-04-07 00:40:24.081084	2016-04-09 02:31:08.536759	\N	1	t
25	2016-04-07 00:41:35.200419	2016-04-07 12:00:00	34	4	1	4	LOURDES ABRAO MIGUEL	IESCA - ARAÇA	2016-04-07 00:41:35.201859	2016-04-09 02:31:17.130176	\N	1	t
22	2016-04-07 00:39:16.454624	2016-04-07 11:00:00	34	1	1	1	MARIA RITA E. TEIXEIRA	IGN	2016-04-07 00:39:16.456044	2016-04-09 02:31:53.848314	\N	1	t
30	2016-04-11 12:15:37.576223	2016-04-11 15:00:00	28	3	26	170714	MARIA STELA S. GOMES	REGINA CELIA	2016-04-11 12:15:37.577691	2016-04-11 12:15:37.577691	\N	1	\N
31	2016-04-13 13:15:53.056739	2016-04-13 17:00:00	1	1	1	131527	JOAO	MARIA	2016-04-13 13:15:53.058222	2016-04-13 13:41:15.503504	\N	1	t
32	2016-04-14 11:37:25.123622	2016-04-14 17:00:00	33	1	1	131313	ALBERTO	TESTE	2016-04-14 11:37:25.125024	2016-04-14 11:37:25.125024	\N	1	\N
34	2016-04-14 14:40:49.826924	2016-04-15 09:00:00	31	3	1	171371	MARIA LOURDES P CORIOLANO	LUIS FERNANDO RIBEIRO	2016-04-14 14:40:49.828365	2016-04-14 14:40:49.828365	\N	1	\N
35	2016-04-14 15:34:44.656309	2016-04-15 08:00:00	1	4	1	146284	SARAH  VICTORIA	ADILSON DA SILVA	2016-04-14 15:34:44.657591	2016-04-14 15:37:27.563546	\N	1	t
36	2016-04-18 08:50:46.946607	2016-04-18 15:00:00	30	1	19	172215	CLEONICE FABRI ELIAS	JOÃO ALFARANO	2016-04-18 08:50:46.947708	2016-04-18 08:50:46.947708	\N	1	\N
37	2016-04-20 08:56:28.313499	2016-04-20 16:00:00	33	1	1	172626	VANDER SIDNEI TESCARO	EMERSON TADEU TESCARO	2016-04-20 08:56:28.315054	2016-04-20 08:56:28.315054	\N	1	\N
38	2016-04-20 15:11:18.855465	2016-04-21 09:00:00	31	2	1	00000	NARCIZA MARIA PAN CONSTANTINO	MARCIO ANTONIO CONSTANTINO	2016-04-20 15:11:18.856815	2016-04-20 15:11:18.856815	\N	1	\N
\.


--
-- Name: reservas_id_seq; Type: SEQUENCE SET; Schema: public; Owner: cibel
--

SELECT pg_catalog.setval('reservas_id_seq', 38, true);


--
-- Data for Name: salas; Type: TABLE DATA; Schema: public; Owner: cibel
--

COPY salas (id, especial, velorio_id, created_at, updated_at, desabilitada) FROM stdin;
1	f	1	2016-03-17 14:37:53.643839	2016-03-17 14:37:53.643839	\N
2	f	1	2016-03-17 14:37:53.656992	2016-03-17 14:37:53.656992	\N
3	f	1	2016-03-17 14:37:53.665272	2016-03-17 14:37:53.665272	\N
4	f	1	2016-03-17 14:37:53.673558	2016-03-17 14:37:53.673558	\N
5	f	1	2016-03-17 14:37:53.681941	2016-03-17 14:37:53.681941	\N
6	f	1	2016-03-17 14:37:53.690453	2016-03-17 14:37:53.690453	\N
7	f	1	2016-03-17 14:37:53.698622	2016-03-17 14:37:53.698622	\N
8	f	1	2016-03-17 14:37:53.706894	2016-03-17 14:37:53.706894	\N
9	f	2	2016-03-17 14:37:53.807417	2016-03-17 14:37:53.807417	\N
10	f	2	2016-03-17 14:37:53.815543	2016-03-17 14:37:53.815543	\N
11	f	2	2016-03-17 14:37:53.823964	2016-03-17 14:37:53.823964	\N
12	f	2	2016-03-17 14:37:53.832303	2016-03-17 14:37:53.832303	\N
13	f	3	2016-03-17 14:37:53.923847	2016-03-17 14:37:53.923847	\N
14	f	3	2016-03-17 14:37:53.932297	2016-03-17 14:37:53.932297	\N
15	f	3	2016-03-17 14:37:53.940498	2016-03-17 14:37:53.940498	\N
16	f	3	2016-03-17 14:37:53.948976	2016-03-17 14:37:53.948976	\N
17	f	3	2016-03-17 14:37:53.957291	2016-03-17 14:37:53.957291	\N
18	f	3	2016-03-17 14:37:53.965625	2016-03-17 14:37:53.965625	\N
19	f	4	2016-03-17 14:37:54.056931	2016-03-17 14:37:54.056931	\N
20	f	4	2016-03-17 14:37:54.065154	2016-03-17 14:37:54.065154	\N
21	f	5	2016-03-17 14:37:54.157642	2016-03-17 14:37:54.157642	\N
22	f	5	2016-03-17 14:37:54.16563	2016-03-17 14:37:54.16563	\N
23	f	5	2016-03-17 14:37:54.173988	2016-03-17 14:37:54.173988	\N
24	f	5	2016-03-17 14:37:54.182267	2016-03-17 14:37:54.182267	\N
25	f	6	2016-03-17 14:37:54.273597	2016-03-17 14:37:54.273597	\N
26	f	6	2016-03-17 14:37:54.281833	2016-03-17 14:37:54.281833	\N
27	f	6	2016-03-17 14:37:54.29014	2016-03-17 14:37:54.29014	\N
28	f	7	2016-03-17 14:37:54.381911	2016-03-17 14:37:54.381911	\N
29	f	7	2016-03-17 14:37:54.390207	2016-03-17 14:37:54.390207	\N
30	f	7	2016-03-17 14:37:54.398544	2016-03-17 14:37:54.398544	\N
31	f	7	2016-03-17 14:37:54.407287	2016-03-17 14:37:54.407287	\N
32	f	8	2016-03-17 14:37:54.498824	2016-03-17 14:37:54.498824	\N
33	f	8	2016-03-17 14:37:54.507344	2016-03-17 14:37:54.507344	\N
34	f	8	2016-03-17 14:37:54.515652	2016-03-17 14:37:54.515652	\N
35	f	8	2016-03-17 14:37:54.52402	2016-03-17 14:37:54.52402	\N
36	f	8	2016-03-17 14:37:54.532326	2016-03-17 14:37:54.532326	\N
37	f	8	2016-03-17 14:37:54.540594	2016-03-17 14:37:54.540594	\N
38	f	8	2016-03-17 14:37:54.548941	2016-03-17 14:37:54.548941	\N
39	f	8	2016-03-17 14:37:54.55781	2016-03-17 14:37:54.55781	\N
40	f	8	2016-03-17 14:37:54.565409	2016-03-17 14:37:54.565409	\N
41	f	9	2016-03-17 14:37:54.657327	2016-03-17 14:37:54.657327	\N
42	f	9	2016-03-17 14:37:54.665842	2016-03-17 14:37:54.665842	\N
43	f	9	2016-03-17 14:37:54.674129	2016-03-17 14:37:54.674129	\N
44	f	9	2016-03-17 14:37:54.682292	2016-03-17 14:37:54.682292	\N
45	f	9	2016-03-17 14:37:54.690527	2016-03-17 14:37:54.690527	\N
46	f	10	2016-03-17 14:37:54.781933	2016-03-17 14:37:54.781933	\N
47	f	10	2016-03-17 14:37:54.790184	2016-03-17 14:37:54.790184	\N
48	f	10	2016-03-17 14:37:54.798491	2016-03-17 14:37:54.798491	\N
49	f	11	2016-03-17 14:37:54.890217	2016-03-17 14:37:54.890217	\N
50	f	11	2016-03-17 14:37:54.898487	2016-03-17 14:37:54.898487	\N
51	f	11	2016-03-17 14:37:54.90734	2016-03-17 14:37:54.90734	\N
52	f	11	2016-03-17 14:37:54.915829	2016-03-17 14:37:54.915829	\N
53	f	11	2016-03-17 14:37:54.924131	2016-03-17 14:37:54.924131	\N
54	f	11	2016-03-17 14:37:54.932482	2016-03-17 14:37:54.932482	\N
55	f	11	2016-03-17 14:37:54.940784	2016-03-17 14:37:54.940784	\N
56	f	11	2016-03-17 14:37:54.949122	2016-03-17 14:37:54.949122	\N
57	f	12	2016-03-17 14:37:55.04056	2016-03-17 14:37:55.04056	\N
58	f	12	2016-03-17 14:37:55.049303	2016-03-17 14:37:55.049303	\N
59	f	12	2016-03-17 14:37:55.057395	2016-03-17 14:37:55.057395	\N
60	f	13	2016-03-17 14:37:55.149307	2016-03-17 14:37:55.149307	\N
61	f	13	2016-03-17 14:37:55.15789	2016-03-17 14:37:55.15789	\N
62	f	13	2016-03-17 14:37:55.166064	2016-03-17 14:37:55.166064	\N
63	f	13	2016-03-17 14:37:55.174339	2016-03-17 14:37:55.174339	\N
64	f	13	2016-03-17 14:37:55.182516	2016-03-17 14:37:55.182516	\N
65	f	13	2016-03-17 14:37:55.19055	2016-03-17 14:37:55.19055	\N
66	f	13	2016-03-17 14:37:55.198773	2016-03-17 14:37:55.198773	\N
67	f	13	2016-03-17 14:37:55.207079	2016-03-17 14:37:55.207079	\N
68	f	13	2016-03-17 14:37:55.21584	2016-03-17 14:37:55.21584	\N
69	f	13	2016-03-17 14:37:55.2242	2016-03-17 14:37:55.2242	\N
70	f	13	2016-03-17 14:37:55.232524	2016-03-17 14:37:55.232524	\N
71	f	13	2016-03-17 14:37:55.240845	2016-03-17 14:37:55.240845	\N
72	f	14	2016-03-17 14:37:55.332691	2016-03-17 14:37:55.332691	\N
73	f	14	2016-03-17 14:37:55.340831	2016-03-17 14:37:55.340831	\N
74	f	14	2016-03-17 14:37:55.349161	2016-03-17 14:37:55.349161	\N
75	f	14	2016-03-17 14:37:55.357637	2016-03-17 14:37:55.357637	\N
76	f	15	2016-03-17 14:37:55.44858	2016-03-17 14:37:55.44858	\N
77	f	15	2016-03-17 14:37:55.45687	2016-03-17 14:37:55.45687	\N
78	f	15	2016-03-17 14:37:55.465202	2016-03-17 14:37:55.465202	\N
79	f	15	2016-03-17 14:37:55.473761	2016-03-17 14:37:55.473761	\N
80	f	16	2016-03-17 14:37:55.565346	2016-03-17 14:37:55.565346	\N
81	f	16	2016-03-17 14:37:55.573657	2016-03-17 14:37:55.573657	\N
82	f	16	2016-03-17 14:37:55.582399	2016-03-17 14:37:55.582399	\N
83	f	16	2016-03-17 14:37:55.590725	2016-03-17 14:37:55.590725	\N
84	f	16	2016-03-17 14:37:55.599157	2016-03-17 14:37:55.599157	\N
85	f	16	2016-03-17 14:37:55.607464	2016-03-17 14:37:55.607464	\N
86	f	16	2016-03-17 14:37:55.61574	2016-03-17 14:37:55.61574	\N
87	f	16	2016-03-17 14:37:55.624088	2016-03-17 14:37:55.624088	\N
88	f	16	2016-03-17 14:37:55.632424	2016-03-17 14:37:55.632424	\N
89	f	16	2016-03-17 14:37:55.640729	2016-03-17 14:37:55.640729	\N
90	f	16	2016-03-17 14:37:55.649305	2016-03-17 14:37:55.649305	\N
91	f	16	2016-03-17 14:37:55.65699	2016-03-17 14:37:55.65699	\N
92	f	16	2016-03-17 14:37:55.665298	2016-03-17 14:37:55.665298	\N
93	f	16	2016-03-17 14:37:55.673606	2016-03-17 14:37:55.673606	\N
94	f	16	2016-03-17 14:37:55.681965	2016-03-17 14:37:55.681965	\N
95	f	16	2016-03-17 14:37:55.690407	2016-03-17 14:37:55.690407	\N
96	f	16	2016-03-17 14:37:55.699195	2016-03-17 14:37:55.699195	\N
97	f	16	2016-03-17 14:37:55.715698	2016-03-17 14:37:55.715698	\N
98	f	16	2016-03-17 14:37:55.723894	2016-03-17 14:37:55.723894	\N
99	f	16	2016-03-17 14:37:55.732395	2016-03-17 14:37:55.732395	\N
100	f	17	2016-03-17 14:37:55.824015	2016-03-17 14:37:55.824015	\N
101	f	17	2016-03-17 14:37:55.832382	2016-03-17 14:37:55.832382	\N
102	f	17	2016-03-17 14:37:55.840714	2016-03-17 14:37:55.840714	\N
103	f	17	2016-03-17 14:37:55.849055	2016-03-17 14:37:55.849055	\N
104	f	17	2016-03-17 14:37:55.857361	2016-03-17 14:37:55.857361	\N
105	f	18	2016-03-17 14:37:55.948684	2016-03-17 14:37:55.948684	\N
106	f	18	2016-03-17 14:37:55.957383	2016-03-17 14:37:55.957383	\N
107	f	18	2016-03-17 14:37:55.965728	2016-03-17 14:37:55.965728	\N
108	f	18	2016-03-17 14:37:55.974095	2016-03-17 14:37:55.974095	\N
109	f	18	2016-03-17 14:37:55.982409	2016-03-17 14:37:55.982409	\N
110	f	18	2016-03-17 14:37:55.991053	2016-03-17 14:37:55.991053	\N
111	f	18	2016-03-17 14:37:55.999147	2016-03-17 14:37:55.999147	\N
112	f	18	2016-03-17 14:37:56.007764	2016-03-17 14:37:56.007764	\N
113	f	18	2016-03-17 14:37:56.015439	2016-03-17 14:37:56.015439	\N
114	f	18	2016-03-17 14:37:56.023769	2016-03-17 14:37:56.023769	\N
\.


--
-- Name: salas_id_seq; Type: SEQUENCE SET; Schema: public; Owner: cibel
--

SELECT pg_catalog.setval('salas_id_seq', 114, true);


--
-- Data for Name: schema_migrations; Type: TABLE DATA; Schema: public; Owner: cibel
--

COPY schema_migrations (version) FROM stdin;
20151022165433
20151022165549
20151022165947
20151022170602
20151022170857
20151022170927
20151022171137
20151022171204
20151022171401
20151022171809
20151104134825
20151104134950
20151109173011
20160108182551
20160121164030
20160122142531
20160122143507
20160122161844
20160129174351
\.


--
-- Data for Name: velorios; Type: TABLE DATA; Schema: public; Owner: cibel
--

COPY velorios (id, nome, created_at, updated_at, cemiterio_id) FROM stdin;
1	Araçá	2016-03-17 14:37:53.251152	2016-03-17 14:37:53.411638	1
2	Campo Grande	2016-03-17 14:37:53.257078	2016-03-17 14:37:53.426076	2
3	Dom Bosco	2016-03-17 14:37:53.265259	2016-03-17 14:37:53.434729	3
4	Freguesia do Ó	2016-03-17 14:37:53.273618	2016-03-17 14:37:53.443011	4
5	Itaquera	2016-03-17 14:37:53.281962	2016-03-17 14:37:53.450435	5
6	Lajeado	2016-03-17 14:37:53.290244	2016-03-17 14:37:53.458848	6
7	Lapa	2016-03-17 14:37:53.298602	2016-03-17 14:37:53.468255	7
8	Quarta Parada	2016-03-17 14:37:53.306942	2016-03-17 14:37:53.476275	8
9	Santana	2016-03-17 14:37:53.315246	2016-03-17 14:37:53.484447	9
10	Santo Amaro	2016-03-17 14:37:53.323623	2016-03-17 14:37:53.492442	10
11	São Luiz	2016-03-17 14:37:53.331939	2016-03-17 14:37:53.501086	11
12	São Paulo	2016-03-17 14:37:53.340256	2016-03-17 14:37:53.509395	12
13	São Pedro	2016-03-17 14:37:53.348616	2016-03-17 14:37:53.517791	13
14	Saudade	2016-03-17 14:37:53.356909	2016-03-17 14:37:53.534742	14
15	Tremembé	2016-03-17 14:37:53.365331	2016-03-17 14:37:53.542683	15
16	Vila Formosa II	2016-03-17 14:37:53.373578	2016-03-17 14:37:53.550316	16
17	Vila Mariana	2016-03-17 14:37:53.381945	2016-03-17 14:37:53.559395	17
18	Vila Nova Cachoeirinha	2016-03-17 14:37:53.390234	2016-03-17 14:37:53.618535	18
\.


--
-- Name: velorios_id_seq; Type: SEQUENCE SET; Schema: public; Owner: cibel
--

SELECT pg_catalog.setval('velorios_id_seq', 18, true);


--
-- Data for Name: veloristas; Type: TABLE DATA; Schema: public; Owner: cibel
--

COPY veloristas (id, velorio_id, funcionario_id, created_at, updated_at) FROM stdin;
10	1	10	2016-03-17 14:37:53.797807	2016-03-17 14:37:53.797807
11	2	11	2016-03-17 14:37:53.915476	2016-03-17 14:37:53.915476
12	3	12	2016-03-17 14:37:54.048717	2016-03-17 14:37:54.048717
13	4	13	2016-03-17 14:37:54.14878	2016-03-17 14:37:54.14878
14	5	14	2016-03-17 14:37:54.265347	2016-03-17 14:37:54.265347
15	6	15	2016-03-17 14:37:54.373691	2016-03-17 14:37:54.373691
16	7	16	2016-03-17 14:37:54.490388	2016-03-17 14:37:54.490388
17	8	17	2016-03-17 14:37:54.649346	2016-03-17 14:37:54.649346
18	9	18	2016-03-17 14:37:54.773732	2016-03-17 14:37:54.773732
19	10	19	2016-03-17 14:37:54.88202	2016-03-17 14:37:54.88202
20	11	20	2016-03-17 14:37:55.032522	2016-03-17 14:37:55.032522
21	12	21	2016-03-17 14:37:55.14068	2016-03-17 14:37:55.14068
22	13	22	2016-03-17 14:37:55.324116	2016-03-17 14:37:55.324116
23	14	23	2016-03-17 14:37:55.440413	2016-03-17 14:37:55.440413
24	15	24	2016-03-17 14:37:55.55712	2016-03-17 14:37:55.55712
25	16	25	2016-03-17 14:37:55.815499	2016-03-17 14:37:55.815499
26	17	26	2016-03-17 14:37:55.940515	2016-03-17 14:37:55.940515
27	18	27	2016-03-17 14:37:56.107268	2016-03-17 14:37:56.107268
\.


--
-- Name: veloristas_id_seq; Type: SEQUENCE SET; Schema: public; Owner: cibel
--

SELECT pg_catalog.setval('veloristas_id_seq', 1, false);


--
-- Name: agencias_pkey; Type: CONSTRAINT; Schema: public; Owner: cibel; Tablespace: 
--

ALTER TABLE ONLY agencias
    ADD CONSTRAINT agencias_pkey PRIMARY KEY (id);


--
-- Name: atendentes_pkey; Type: CONSTRAINT; Schema: public; Owner: cibel; Tablespace: 
--

ALTER TABLE ONLY atendentes
    ADD CONSTRAINT atendentes_pkey PRIMARY KEY (id);


--
-- Name: cemiterios_pkey; Type: CONSTRAINT; Schema: public; Owner: cibel; Tablespace: 
--

ALTER TABLE ONLY cemiterios
    ADD CONSTRAINT cemiterios_pkey PRIMARY KEY (id);


--
-- Name: funcionarios_pkey; Type: CONSTRAINT; Schema: public; Owner: cibel; Tablespace: 
--

ALTER TABLE ONLY funcionarios
    ADD CONSTRAINT funcionarios_pkey PRIMARY KEY (id);


--
-- Name: justificativas_pkey; Type: CONSTRAINT; Schema: public; Owner: cibel; Tablespace: 
--

ALTER TABLE ONLY justificativas
    ADD CONSTRAINT justificativas_pkey PRIMARY KEY (id);


--
-- Name: reservas_pkey; Type: CONSTRAINT; Schema: public; Owner: cibel; Tablespace: 
--

ALTER TABLE ONLY reservas
    ADD CONSTRAINT reservas_pkey PRIMARY KEY (id);


--
-- Name: salas_pkey; Type: CONSTRAINT; Schema: public; Owner: cibel; Tablespace: 
--

ALTER TABLE ONLY salas
    ADD CONSTRAINT salas_pkey PRIMARY KEY (id);


--
-- Name: velorios_pkey; Type: CONSTRAINT; Schema: public; Owner: cibel; Tablespace: 
--

ALTER TABLE ONLY velorios
    ADD CONSTRAINT velorios_pkey PRIMARY KEY (id);


--
-- Name: veloristas_pkey; Type: CONSTRAINT; Schema: public; Owner: cibel; Tablespace: 
--

ALTER TABLE ONLY veloristas
    ADD CONSTRAINT veloristas_pkey PRIMARY KEY (id);


--
-- Name: index_atendentes_on_agencia_id; Type: INDEX; Schema: public; Owner: cibel; Tablespace: 
--

CREATE INDEX index_atendentes_on_agencia_id ON atendentes USING btree (agencia_id);


--
-- Name: index_atendentes_on_funcionario_id; Type: INDEX; Schema: public; Owner: cibel; Tablespace: 
--

CREATE INDEX index_atendentes_on_funcionario_id ON atendentes USING btree (funcionario_id);


--
-- Name: index_cemiterios_on_velorio_id; Type: INDEX; Schema: public; Owner: cibel; Tablespace: 
--

CREATE INDEX index_cemiterios_on_velorio_id ON cemiterios USING btree (velorio_id);


--
-- Name: index_funcionarios_on_rf; Type: INDEX; Schema: public; Owner: cibel; Tablespace: 
--

CREATE UNIQUE INDEX index_funcionarios_on_rf ON funcionarios USING btree (rf);


--
-- Name: index_reservas_on_atendente_id; Type: INDEX; Schema: public; Owner: cibel; Tablespace: 
--

CREATE INDEX index_reservas_on_atendente_id ON reservas USING btree (atendente_id);


--
-- Name: index_reservas_on_cemiterio_id; Type: INDEX; Schema: public; Owner: cibel; Tablespace: 
--

CREATE INDEX index_reservas_on_cemiterio_id ON reservas USING btree (cemiterio_id);


--
-- Name: index_reservas_on_sala_id; Type: INDEX; Schema: public; Owner: cibel; Tablespace: 
--

CREATE INDEX index_reservas_on_sala_id ON reservas USING btree (sala_id);


--
-- Name: index_reservas_on_velorio_id; Type: INDEX; Schema: public; Owner: cibel; Tablespace: 
--

CREATE INDEX index_reservas_on_velorio_id ON reservas USING btree (velorio_id);


--
-- Name: index_salas_on_velorio_id; Type: INDEX; Schema: public; Owner: cibel; Tablespace: 
--

CREATE INDEX index_salas_on_velorio_id ON salas USING btree (velorio_id);


--
-- Name: index_velorios_on_cemiterio_id; Type: INDEX; Schema: public; Owner: cibel; Tablespace: 
--

CREATE INDEX index_velorios_on_cemiterio_id ON velorios USING btree (cemiterio_id);


--
-- Name: index_veloristas_on_funcionario_id; Type: INDEX; Schema: public; Owner: cibel; Tablespace: 
--

CREATE INDEX index_veloristas_on_funcionario_id ON veloristas USING btree (funcionario_id);


--
-- Name: index_veloristas_on_velorio_id; Type: INDEX; Schema: public; Owner: cibel; Tablespace: 
--

CREATE INDEX index_veloristas_on_velorio_id ON veloristas USING btree (velorio_id);


--
-- Name: unique_schema_migrations; Type: INDEX; Schema: public; Owner: cibel; Tablespace: 
--

CREATE UNIQUE INDEX unique_schema_migrations ON schema_migrations USING btree (version);


--
-- Name: fk_rails_07095c4d8c; Type: FK CONSTRAINT; Schema: public; Owner: cibel
--

ALTER TABLE ONLY veloristas
    ADD CONSTRAINT fk_rails_07095c4d8c FOREIGN KEY (velorio_id) REFERENCES velorios(id);


--
-- Name: fk_rails_08d58d6b75; Type: FK CONSTRAINT; Schema: public; Owner: cibel
--

ALTER TABLE ONLY atendentes
    ADD CONSTRAINT fk_rails_08d58d6b75 FOREIGN KEY (agencia_id) REFERENCES agencias(id);


--
-- Name: fk_rails_11082d94f1; Type: FK CONSTRAINT; Schema: public; Owner: cibel
--

ALTER TABLE ONLY reservas
    ADD CONSTRAINT fk_rails_11082d94f1 FOREIGN KEY (sala_id) REFERENCES salas(id);


--
-- Name: fk_rails_21ac713b62; Type: FK CONSTRAINT; Schema: public; Owner: cibel
--

ALTER TABLE ONLY reservas
    ADD CONSTRAINT fk_rails_21ac713b62 FOREIGN KEY (cemiterio_id) REFERENCES cemiterios(id);


--
-- Name: fk_rails_44b824a683; Type: FK CONSTRAINT; Schema: public; Owner: cibel
--

ALTER TABLE ONLY salas
    ADD CONSTRAINT fk_rails_44b824a683 FOREIGN KEY (velorio_id) REFERENCES velorios(id);


--
-- Name: fk_rails_4d03df111b; Type: FK CONSTRAINT; Schema: public; Owner: cibel
--

ALTER TABLE ONLY veloristas
    ADD CONSTRAINT fk_rails_4d03df111b FOREIGN KEY (funcionario_id) REFERENCES funcionarios(id);


--
-- Name: fk_rails_7934c00380; Type: FK CONSTRAINT; Schema: public; Owner: cibel
--

ALTER TABLE ONLY velorios
    ADD CONSTRAINT fk_rails_7934c00380 FOREIGN KEY (cemiterio_id) REFERENCES cemiterios(id);


--
-- Name: fk_rails_7dc7e23bc3; Type: FK CONSTRAINT; Schema: public; Owner: cibel
--

ALTER TABLE ONLY atendentes
    ADD CONSTRAINT fk_rails_7dc7e23bc3 FOREIGN KEY (funcionario_id) REFERENCES funcionarios(id);


--
-- Name: fk_rails_abae7da167; Type: FK CONSTRAINT; Schema: public; Owner: cibel
--

ALTER TABLE ONLY reservas
    ADD CONSTRAINT fk_rails_abae7da167 FOREIGN KEY (velorio_id) REFERENCES velorios(id);


--
-- Name: fk_rails_bf1c2b7853; Type: FK CONSTRAINT; Schema: public; Owner: cibel
--

ALTER TABLE ONLY cemiterios
    ADD CONSTRAINT fk_rails_bf1c2b7853 FOREIGN KEY (velorio_id) REFERENCES velorios(id);


--
-- Name: fk_rails_ee1afd62a5; Type: FK CONSTRAINT; Schema: public; Owner: cibel
--

ALTER TABLE ONLY reservas
    ADD CONSTRAINT fk_rails_ee1afd62a5 FOREIGN KEY (atendente_id) REFERENCES atendentes(id);


--
-- Name: public; Type: ACL; Schema: -; Owner: postgres
--

REVOKE ALL ON SCHEMA public FROM PUBLIC;
REVOKE ALL ON SCHEMA public FROM postgres;
GRANT ALL ON SCHEMA public TO postgres;
GRANT ALL ON SCHEMA public TO PUBLIC;


--
-- PostgreSQL database dump complete
--

